{"BeamParameters":{"beamLength":21.36800193786621,"beamWidth":63.302001953125,"fineMeshScale":2,"totalLength":500},"BeamSkeleton":{"skeletonPoints":[320,228.5,325.1292419433594,227.0073852539062,328.519775390625,222.8792877197266,331.9103088378906,218.7511901855469,336.0534057617188,215.3789825439453,340.1965026855469,212.0067749023438,344.339599609375,208.6345672607422,349.4688415527344,207.1419525146484,354.5980834960938,205.6493377685547,359.7273254394531,204.1567230224609,362.9771118164062,208.3965148925781,367.7075805664062,205.9146270751953,371.0981140136719,201.7865295410156,376.2273559570312,200.2939147949219,381.532958984375,200.9165344238281,386.6091003417969,202.580810546875,391.6852416992188,204.2450866699219,396.3295593261719,206.8846588134766,397.6717834472656,212.0552978515625,400.9215698242188,216.2950897216797,404.9489135742188,219.8047332763672,405.2371215820312,225.1389465332031,407.579833984375,229.9398498535156,409.9225463867188,234.7407531738281,412.2652587890625,239.5416564941406,414.6079711914062,244.3425598144531,416.95068359375,249.1434631347656,420.2004699707031,253.3832550048828,423.4502563476562,257.623046875,426.7000427246094,261.8628234863281,430.7273864746094,265.3724670410156,434.7547302246094,268.8821105957031,438.7820739746094,272.3917541503906,442.8094177246094,275.9013977050781,447.4537353515625,278.5409851074219,452.0980529785156,281.1805725097656,457.1741943359375,282.8448486328125,462.2503356933594,284.5091247558594,467.5738525390625,284.0652770996094,472.8973693847656,283.6214294433594,477.6278381347656,281.1395568847656,481.7709350585938,277.767333984375,486.5014038085938,275.2854614257812,490.6445007324219,271.9132385253906,494.0350341796875,267.78515625,495.5503845214844,262.66259765625,497.0657348632812,257.5400390625]},"ExperimentMetadata":{"VERSION":"0.1","comments":"High contrast edges with deep shaddows cause the beam to deviate."},"PointSelector":{"x":472,"y":320},"images":{"focused_image":"experiment-data/experiment2018-03-06-15-04-32/focused_image.png"}}

