{"BeamParameters":{"beamLength":29.75500106811523,"beamType":1,"beamWidth":34.54700088500977,"fineMeshScale":1,"initialAngle":0,"mixedBeamChoiceBias":0,"shallowAngleBias":0,"totalLength":380},"BeamSkeleton":{"skeletonPoints":[150.5,102.5,163.1151885986328,111.1092987060547,176.1080017089844,117.2338562011719,190.6720275878906,121.9911651611328,204.8717498779297,126.6449890136719,217.8519287109375,133.0187072753906,231.0599822998047,140.0916137695312,242.3009490966797,148.9778442382812,250.0011138916016,159.7796173095703,255.9176330566406,172.6946411132812,257.9907836914062,186.035888671875,256.874267578125,201.1515960693359,256.1965942382812,215.1773986816406,258.4628601074219,230.9046020507812,265.615478515625,246.2190551757812,278.0137939453125,256.9001770019531,292.332275390625,264.3470764160156,308.9832153320312,265.9806213378906,324.1573791503906,264.1040649414062,339.0746154785156,261.8004150390625,353.8198852539062,260.0488891601562,368.6787719726562,260.8512573242188,382.8076171875,265.5922241210938,394.4807739257812,275.2908325195312,400.040283203125,287.9716186523438,417.2444458007812,285.35546875]},"ExperimentMetadata":{"comments":"Testing","name":"exp1_4"},"PointSelectorSkeleton Vertex":{"x":0,"y":0},"PointSelectorTail Point":{"x":306,"y":218},"images":{"focused_image":"experiment-data/exp1_4/focused_image.png","result":"experiment-data/exp1_4/result.png"}}

