{"BeamParameters":{"beamLength":29.75500106811523,"beamType":1,"beamWidth":34.54700088500977,"fineMeshScale":1,"initialAngle":0,"mixedBeamChoiceBias":0,"shallowAngleBias":0,"totalLength":380},"BeamSkeleton":{"skeletonPoints":[150.5,102.5,163.1151885986328,111.1092987060547,176.3657531738281,116.8054046630859,190.6720275878906,121.9911651611328,204.7320404052734,127.1250762939453,218.0711975097656,132.5693511962891,231.2660522460938,139.6360473632812,242.0204620361328,149.3917541503906,249.5897064208984,160.0637664794922,256.3713684082031,172.4845581054688,257.9907836914062,186.035888671875,256.874267578125,201.1515960693359,255.6981201171875,215.1380615234375,257.968505859375,230.9795532226562,266.0338134765625,245.9451904296875,278.0138244628906,256.900146484375,292.8402099609375,263.4856567382812,309.0348815917969,265.4833068847656,324.1202392578125,264.6026611328125,339.0746154785156,261.8004150390625,353.8119506835938,260.548828125,368.6787719726562,260.8512573242188,382.6326293945312,266.0606079101562,393.9766845703125,276.1544799804688,400.040283203125,287.9716186523438,409.9450988769531,299.8093566894531]},"ExperimentMetadata":{"comments":"Testing","name":"exp1_4"},"PointSelectorSkeleton Vertex":{"x":0,"y":0},"PointSelectorTail Point":{"x":306,"y":218},"images":{"focused_image":"experiment-data/exp1_4/focused_image.png","result":"experiment-data/exp1_4/result.png"}}

