{"BeamParameters":{"beamLength":39.34000015258789,"beamType":2,"beamWidth":50.12300109863281,"fineMeshScale":2,"initialAngle":0,"mixedBeamChoiceBias":0,"shallowAngleBias":18.86800003051758,"totalLength":500},"BeamSkeleton":{"skeletonPoints":[206.5,198.5,222.4031219482422,186.9241790771484,220.6820220947266,167.3296203613281,205.0705718994141,155.3633575439453,188.5660400390625,166.0642547607422,169.3056182861328,170.0573577880859,159.2404022216797,186.9570770263672,157.1208953857422,206.5125427246094,166.9156951904297,223.5704040527344,182.920654296875,235.0050048828125,202.2323913574219,238.7420501708984,221.3476715087891,234.1036224365234,240.3193664550781,228.9090118408203,255.4085540771484,216.2905731201172,272.4229125976562,206.4203948974609,290.8673095703125,199.5857086181641,310.5348205566406,199.8989868164062,328.752197265625,207.3176422119141,347.8467712402344,202.5946655273438,359.6326904296875,218.3427124023438,357.1156311035156,237.8509979248047,341.7184448242188,250.0917358398438,344.2701110839844,269.5955200195312,363.5018005371094,273.7248229980469,373.8349304199219,256.9875793457031,364.8197021484375,239.5051727294922]},"ExperimentMetadata":{"comments":"When the beam is set to mid tone\nrather than light or dark it\ncuts the worm's edge in order to \nget dark overall rather than\ngo down the worm body and face the\nhighlight.","name":"mid-tone-highlight-avoid"},"PointSelectorSkeleton Vertex":{"x":368,"y":293},"PointSelectorTail Point":{"x":419,"y":441},"images":{"focused_image":"experiment-data/mid-tone-highlight-avoid/focused_image.png","result":"experiment-data/mid-tone-highlight-avoid/result.png"}}

