{"BeamParameters":{"beamLength":29.75500106811523,"beamType":1,"beamWidth":34.54700088500977,"fineMeshScale":1,"initialAngle":0,"mixedBeamChoiceBias":0,"shallowAngleBias":0,"totalLength":380},"BeamSkeleton":{"skeletonPoints":[150.5,102.5,163.2963562011719,110.6432800292969,176.3657531738281,116.8054046630859,190.6720123291016,121.9911651611328,205.7099914550781,123.7644882202148,218.0711975097656,132.5693511962891,231.2660522460938,139.6360473632812,242.0204620361328,149.3917541503906,248.7668762207031,160.6320495605469,255.9176483154297,172.6946411132812,257.1388244628906,187.0768737792969,256.8429260253906,199.6574554443359,255.6589050292969,214.6328430175781,257.9292907714844,230.4743347167969,265.9945983886719,245.4399719238281,278.6649169921875,255.6714477539062,292.8009643554688,262.9804382324219,308.7661743164062,264.407958984375,323.6317138671875,263.5335693359375,338.5901489257812,262.7168579101562,353.0960693359375,259.9832153320312,367.9695434570312,260.7855834960938,381.916748046875,265.4949951171875,394.2689819335938,273.8615417480469,399.769775390625,287.1788330078125,409.1648864746094,300.58740234375]},"ExperimentMetadata":{"comments":"Testing","name":"exp1_9"},"PointSelectorSkeleton Vertex":{"x":0,"y":0},"PointSelectorTail Point":{"x":306,"y":218},"images":{"focused_image":"experiment-data/exp1_9/focused_image.png","result":"experiment-data/exp1_9/result.png"}}

