{"BeamParameters":{"beamLength":29.75500106811523,"beamType":1,"beamWidth":34.54700088500977,"fineMeshScale":1,"initialAngle":0,"mixedBeamChoiceBias":0,"shallowAngleBias":0,"totalLength":380},"BeamSkeleton":{"skeletonPoints":[150.5,102.5,163.1151885986328,111.1092987060547,176.5576171875,118.0126953125,190.1485900878906,122.3066024780273,204.5315856933594,128.1211700439453,218.1501617431641,132.6052856445312,231.1389465332031,140.1275482177734,241.8189392089844,149.8415985107422,250.4914855957031,159.5314025878906,255.5428771972656,172.9406433105469,257.5707397460938,186.1032104492188,257.4511108398438,201.1415557861328,256.2755126953125,215.2133178710938,259.0361633300781,230.8656005859375,266.1127624511719,245.9811096191406,277.7475891113281,257.2978210449219,293.427001953125,262.66015625,309.1138305664062,265.5192260742188,324.1620788574219,265.13720703125,339.153564453125,261.8363037109375,353.890869140625,260.584716796875,368.7577209472656,260.8871459960938,382.7115783691406,266.0964965820312,394.0556335449219,276.1903686523438,402.8823852539062,286.8122253417969,412.83056640625,301.0348510742188]},"ExperimentMetadata":{"comments":"Testing","name":"exp1_9"},"PointSelectorSkeleton Vertex":{"x":0,"y":0},"PointSelectorTail Point":{"x":306,"y":218},"images":{"focused_image":"experiment-data/exp1_9/focused_image.png","result":"experiment-data/exp1_9/result.png"}}

