{"BeamParameters":{"beamLength":23.76400184631348,"beamType":2,"beamWidth":58.50900268554688,"fineMeshScale":1,"initialAngle":0,"mixedBeamChoiceBias":1,"shallowAngleBias":14.1510009765625,"totalLength":360},"BeamSkeleton":{"skeletonPoints":[278,195,282.6270751953125,205.9440460205078,282.9740295410156,217.8209838867188,278.9937133789062,229.0164642333984,273.1684265136719,239.3725280761719,267.6480102539062,249.8942718505859,260.4195861816406,259.3246459960938,251.6934814453125,267.3891906738281,240.6381530761719,271.7436828613281,229.0035552978516,274.1557922363281,217.2856140136719,272.1880798339844,207.0770568847656,266.1080017089844,199.7654418945312,256.7420043945312,196.3445739746094,245.3630981445312,194.9075164794922,233.5683135986328,195.49609375,221.7008972167969,200.3449249267578,210.8532867431641,208.7949371337891,202.4998931884766,218.5418090820312,195.7042694091797,230.0887145996094,192.9023284912109,241.94384765625,192.103759765625,253.2826690673828,195.6552581787109,263.8528747558594,201.0823059082031,269.8151550292969,211.360107421875,269.2791137695312,223.2300109863281,262.4147033691406,232.9285736083984,252.5024719238281,239.4806365966797,241.6208343505859,244.2526092529297,232.1079711914062,251.3721313476562,220.6618041992188,254.5607452392578,210.2292938232422,248.8735046386719]},"ExperimentMetadata":{"comments":"The parameters required for beam\nswitching are very precise.\n\nThe beam segment cannot cross\nthe highlight unless it reaches\nthe point just before highlight\nsince a beam segment will never\ngo half across a highight. This \nis non optimal for both beam \ntypes.","name":"coiled-beam-switching"},"PointSelectorSkeleton Vertex":{"x":0,"y":0},"PointSelectorTail Point":{"x":435,"y":284},"images":{"focused_image":"experiment-data/coiled-beam-switching/focused_image.png","result":"experiment-data/coiled-beam-switching/result.png"}}

