{"BeamParameters":{"beamLength":29.75500106811523,"beamType":1,"beamWidth":34.54700088500977,"fineMeshScale":1,"initialAngle":0,"mixedBeamChoiceBias":0,"shallowAngleBias":0,"totalLength":380},"BeamSkeleton":{"skeletonPoints":[150.5,102.5,163.1151885986328,111.1092987060547,176.3657531738281,116.8054046630859,190.5183563232422,122.4669647216797,204.7320404052734,127.1250762939453,218.0711975097656,132.5693511962891,231.0599822998047,140.0916137695312,242.3009490966797,148.9778442382812,250.4125366210938,159.4954833984375,256.3713684082031,172.4845581054688,257.9907836914062,186.035888671875,256.874267578125,201.1515960693359,256.6950378417969,215.2167510986328,258.4628601074219,230.9046020507812,265.615478515625,246.2190551757812,277.323486328125,257.6236572265625,292.332275390625,264.3470764160156,308.9832153320312,265.9806213378906,324.1573791503906,264.1040649414062,338.9974975585938,261.306396484375,353.8119506835938,260.548828125,368.6787719726562,260.8512573242188,382.8076171875,265.5922241210938,394.98486328125,274.4271545410156,400.4551391601562,288.6432495117188,404.7908325195312,300.2073669433594]},"ExperimentMetadata":{"comments":"Testing","name":"exp1_5"},"PointSelectorSkeleton Vertex":{"x":0,"y":0},"PointSelectorTail Point":{"x":306,"y":218},"images":{"focused_image":"experiment-data/exp1_5/focused_image.png","result":"experiment-data/exp1_5/result.png"}}

