{"BeamParameters":{"beamLength":29.75500106811523,"beamType":1,"beamWidth":34.54700088500977,"fineMeshScale":1,"initialAngle":0,"mixedBeamChoiceBias":0,"shallowAngleBias":0,"totalLength":380},"BeamSkeleton":{"skeletonPoints":[150.5,102.5,163.1151885986328,111.1092987060547,176.1080017089844,117.2338562011719,190.6720275878906,121.9911651611328,204.7320404052734,127.1250762939453,218.0711975097656,132.5693511962891,231.2660522460938,139.6360473632812,242.0204620361328,149.3917541503906,249.5897064208984,160.0637664794922,255.9176483154297,172.6946411132812,257.6216430664062,186.9469757080078,256.8429260253906,199.6574554443359,256.1573486328125,214.6721801757812,257.9292907714844,230.4743347167969,265.9945983886719,245.4399719238281,278.3197631835938,256.033203125,292.5469970703125,263.4111328125,308.61669921875,264.8850708007812,323.757080078125,264.5256958007812,338.5901489257812,262.7168579101562,353.0880737304688,260.483154296875,367.9761657714844,261.2855529785156,381.916748046875,265.4949951171875,394.2689819335938,273.8615417480469,400.5220336914062,287.455322265625,404.074951171875,299.6417541503906]},"ExperimentMetadata":{"comments":"Testing","name":"exp1_5"},"PointSelectorSkeleton Vertex":{"x":0,"y":0},"PointSelectorTail Point":{"x":306,"y":218},"images":{"focused_image":"experiment-data/exp1_5/focused_image.png","result":"experiment-data/exp1_5/result.png"}}

