{"BeamParameters":{"beamLength":23.76400184631348,"beamType":1,"beamWidth":32.1510009765625,"fineMeshScale":1,"initialAngle":0,"mixedBeamChoiceBias":0,"shallowAngleBias":0,"totalLength":375},"BeamSkeleton":{"skeletonPoints":[41,58,51.04213333129883,64.96091461181641,61.04512786865234,70.44355773925781,72.53372192382812,75.26937103271484,83.89625549316406,79.09817504882812,94.62002563476562,82.72435760498047,105.7142181396484,87.19477081298828,116.3428039550781,92.71766662597656,126.2069091796875,98.44645690917969,134.6854858398438,106.1903915405273,141.3303527832031,115.5703964233398,146.2376708984375,125.8718719482422,148.8145294189453,136.9370727539062,149.007568359375,147.2654266357422,147.7625427246094,159.2223358154297,147.3669891357422,171.2352905273438,149.819580078125,184.0006408691406,153.4787750244141,195.4800262451172,161.2911376953125,207.0665130615234,171.1580505371094,214.42529296875,183.5831909179688,219.1522827148438,195.7716674804688,221.5175018310547,208.1575469970703,220.5520782470703,220.0629425048828,219.6979827880859,231.8879699707031,217.9991455078125,243.7086791992188,216.4532318115234,255.3916625976562,215.9478454589844,266.8448486328125,218.9236145019531,277.5440673828125,223.7777557373047,285.7935485839844,231.6364288330078,292.0032653808594,241.5493011474609,296.9258728027344,251.8175506591797]},"ExperimentMetadata":{"comments":"","name":"experiment-model-three"},"PointSelectorSkeleton Vertex":{"x":0,"y":0},"PointSelectorTail Point":{"x":383,"y":272},"images":{"focused_image":"experiment-data/experiment-model-three/focused_image.png","result":"experiment-data/experiment-model-three/result.png"}}

