{"BeamParameters":{"beamLength":28.5570011138916,"beamWidth":53.71700286865234,"fineMeshScale":2,"totalLength":800},"BeamSkeleton":{"skeletonPoints":[207.5,202,201.9947662353516,206.5454711914062,201.4199523925781,213.6615447998047,198.119384765625,219.9920349121094,191.2786407470703,222.0348510742188,184.1823883056641,221.2524871826172,177.9509887695312,217.7684631347656,173.5682373046875,212.1328277587891,170.3924865722656,205.7388153076172,168.5503387451172,198.8413238525391,169.5396270751953,191.7709503173828,171.9138641357422,185.0380554199219,175.5783996582031,178.9110565185547,181.3396301269531,174.6947631835938,188.2879791259766,173.0548400878906,194.7720184326172,170.0671844482422,201.8104858398438,171.2625122070312,207.8278503417969,175.1044006347656,210.6249084472656,181.6729125976562,210.6432647705078,188.8121337890625,209.2429351806641,195.8126983642578,206.479736328125,202.3955230712891,209.27685546875,208.9640045166016,209.2952728271484,216.1032257080078,206.5320739746094,222.6860504150391,199.8846893310547,225.2901306152344,192.7479705810547,225.1000366210938,185.7912750244141,223.4958953857422,180.0084228515625,219.3093109130859,175.1725616455078,214.0573272705078,171.4764862060547,207.9492950439453,169.0675506591797,201.2287292480469,168.0417785644531,194.1635589599609,169.8482971191406,187.2566528320312,172.9909820556641,180.8463134765625,178.3818969726562,176.1658325195312,185.169921875,173.9541473388672,192.2620391845703,173.1351013183594,199.3541564941406,172.3160552978516,205.6699981689453,175.6445617675781,210.1910858154297,181.1698303222656,210.8027038574219,188.2828369140625,209.989013671875,195.3755645751953,206.4775085449219,201.5915374755859,208.4900970458984,208.4412384033203,209.1017761230469,215.5542297363281,206.8952178955078,222.3439331054688,200.4872589111328,225.491455078125,193.3594360351562,225.8951263427734,186.6370697021484,223.4912109375,180.5262756347656,219.7997131347656,175.2706756591797,214.9677886962891,171.0797729492188,209.1880645751953,169.4704284667969,202.2325744628906,169.2749938964844,195.0959930419922,170.5012512207031,188.0628356933594,173.1003112792969,181.4134979248047]},"ExperimentMetadata":{"comments":"The beam fit seems to jump gaps\neven when the beam is short.\n\nI think this is due to the dark\nsections of the worm edge having\na larger weight than its grey body\nsection.","name":"gap-jumping-experiment-short"},"PointSelector":{"x":367,"y":301},"images":{"focused_image":"experiment-data/gap-jumping-experiment-short/focused_image.png","result":"experiment-data/gap-jumping-experiment-short/result.png"}}

