{"BeamParameters":{"beamLength":32.1510009765625,"beamType":2,"beamWidth":30,"fineMeshScale":2,"initialAngle":0,"mixedBeamChoiceBias":0,"shallowAngleBias":0,"totalLength":250},"BeamSkeleton":{"skeletonPoints":[223,245.5,237.6174163818359,238.8102264404297,250.3326110839844,228.9743041992188,260.4805297851562,216.5066986083984,252.1327056884766,202.7685852050781,243.3872985839844,189.2800903320312,256.8757934570312,180.5346832275391,265.6212158203125,194.0231781005859,259.4266967773438,208.8572540283203,253.66796875,223.8658752441406,242.8621215820312,235.7677917480469,228.4779052734375,242.9452514648438,221.3004455566406,228.56103515625,235.6846618652344,221.3835754394531,249.7304229736328,229.2026824951172,261.8029174804688,218.5877685546875]},"ExperimentMetadata":{"comments":"","name":"no-shallow-angle-bias"},"PointSelectorSkeleton Vertex":{"x":395,"y":279},"PointSelectorTail Point":{"x":376,"y":338},"images":{"focused_image":"experiment-data/no-shallow-angle-bias/focused_image.png","result":"experiment-data/no-shallow-angle-bias/result.png"}}

