{"BeamParameters":{"beamLength":14.17900085449219,"beamWidth":29.75500106811523,"fineMeshScale":3,"initialAngle":0.9480000734329224,"totalLength":1000},"BeamSkeleton":{"skeletonPoints":[89.5,345.5,89.45458221435547,338.41064453125,87.79962158203125,331.5169982910156,90.13167572021484,324.8220520019531,84.604736328125,320.3819885253906,89.04477691650391,314.8550720214844,87.96833038330078,307.8477478027344,90.84860229492188,301.3697204589844,85.70969390869141,296.4858093261719,90.59362030029297,291.3468933105469,87.38768768310547,285.023681640625,88.10643768310547,277.970703125,90.01349639892578,271.1425170898438,85.14559173583984,265.9884338378906,90.29967498779297,261.1205444335938,87.43958282470703,254.6335601806641,91.1785888671875,248.6102142333984,86.75576782226562,243.0694732666016,92.29650115966797,238.6466674804688,89.98529815673828,231.9444732666016,87.47937774658203,225.3126220703125,90.30219268798828,218.8093414306641,85.12026214599609,213.9710845947266,89.95851898193359,208.7891693115234,86.69674682617188,202.4945678710938,92.9913330078125,199.2327880859375,92.02663421630859,192.209228515625,85.08571624755859,190.765380859375,86.52956390380859,183.824462890625,82.38663482666016,178.0714569091797,84.79553985595703,171.4037475585938,79.32003021240234,166.9004364013672,74.68961334228516,161.531982421875,67.60327911376953,161.3202362060547,65.03876495361328,154.7108306884766,57.9521484375,154.9131011962891,51.87968063354492,151.2543792724609,50.07260513305664,144.3990631103516,43.00801467895508,143.8052673339844,43.601806640625,136.7406768798828,39.92436599731445,130.6795501708984,38.69314575195312,123.6977767944336,37.25858688354492,116.7549362182617,38.43731689453125,109.7641067504883,36.59992218017578,102.9168472290039,42.94566345214844,99.7557373046875,46.21585464477539,93.46551513671875,41.38454818725586,88.27712249755859,40.12244415283203,81.30086517333984,44.07746887207031,75.41709136962891,42.41028594970703,68.52641296386719,49.30096817016602,66.85923004150391,50.03841018676758,59.80818557739258,53.28073501586914,53.50355529785156,57.54746627807617,47.84174728393555,63.20927047729492,52.10847473144531,64.29814910888672,59.11385726928711,57.64873123168945,61.57278060913086,50.56020736694336,61.45512771606445,44.06567001342773,64.29801177978516,44.56870651245117,71.36964416503906,37.49707412719727,71.8726806640625,35.60213470458984,78.70423889160156,41.40420150756836,82.77819061279297,37.33025360107422,88.58025360107422,40.20185470581055,95.06214141845703,46.92121887207031,97.32292938232422,44.66044235229492,104.0422973632812,37.59110641479492,104.5766296386719,37.0567741394043,97.50729370117188,37.73177337646484,90.45000457763672,40.91816711425781,84.11692047119141,39.76733016967773,77.12145233154297,46.76279830932617,75.97061920166016,48.0218505859375,68.99381256103516,46.26333236694336,62.12587356567383,53.13127136230469,60.36735534667969,53.77503967285156,53.30714416503906,56.93337631225586,46.96002578735352,63.28049087524414,50.11836624145508,62.84315490722656,57.19436645507812,55.76715469360352,56.75703048706055,52.13269424438477,50.67001724243164,58.21970748901367,47.03555297851562,61.85417175292969,53.12256240844727,68.37483978271484,55.90499877929688,73.18085479736328,50.69316482543945,79.24360656738281,54.36795043945312,84.73702239990234,49.88649368286133,91.53753662109375,51.88998031616211,95.70336151123047,46.15351867675781,102.7900619506836,46.3526611328125,109.8795547485352,46.34478759765625,112.647590637207,52.87158203125,119.7245407104492,52.44987487792969,120.1462478637695,59.52682113647461,126.9555740356445,61.50016784667969,130.4654388427734,67.65985870361328,126.158805847168,73.29135894775391,120.5273056030273,68.98471832275391,118.1154479980469,62.31808471679688,124.7820816040039,59.90623474121094,130.5369415283203,64.04661560058594,128.9644317626953,70.95951843261719,132.9997863769531,76.78849029541016,139.8437652587891,74.93893432617188,144.2886505126953,69.41587829589844,150.4327545166016,65.87880706787109,157.3045806884766,67.62212371826172,161.2491607666016,61.73134231567383,157.0201263427734,56.04132461547852,153.8197479248047,49.71530151367188,147.5093841552734,46.48415756225586,150.7405242919922,40.17379379272461,156.8689575195312,36.60960388183594,163.9515838623047,36.92164993286133,166.4222717285156,43.56669998168945,162.3329315185547,49.35792541503906,165.1873016357422,55.8474235534668,158.6977996826172,58.70178604125977,151.6150207519531,59.01064682006836,144.5442962646484,59.52618408203125,140.1484222412109,65.08831787109375,134.8711395263672,69.82236480712891,130.1371002197266,64.54507446289062,124.3278503417969,60.48136901855469,117.3544235229492,59.2037467956543,117.2211685180664,52.11549758911133,110.4978332519531,49.86656188964844,107.2416610717773,43.56907272338867,112.766716003418,39.12668609619141,117.209098815918,44.6517448425293,123.903076171875,42.31687164306641,126.2379455566406,49.0108528137207,122.0315246582031,54.71760940551758,115.6028366088867,51.72880172729492,109.0896224975586,48.92897415161133,107.7227783203125,41.97248458862305,114.2690505981445,39.2508430480957,116.9906997680664,45.79711532592773,113.1245727539062,51.73968124389648,107.1820068359375,47.87355041503906]},"ExperimentMetadata":{"comments":"The fit goes completley off the\ntracks with fine mesh scale set\nto 3.","name":"thermal-plume-fine-mesh-three"},"PointSelectorSkeleton Vertex":{"x":460,"y":256},"PointSelectorTail Point":{"x":464,"y":445},"images":{"focused_image":"experiment-data/thermal-plume-fine-mesh-three/focused_image.png","result":"experiment-data/thermal-plume-fine-mesh-three/result.png"}}

