{"BeamParameters":{"beamLength":29.75500106811523,"beamType":1,"beamWidth":34.54700088500977,"fineMeshScale":1,"initialAngle":0,"mixedBeamChoiceBias":0,"shallowAngleBias":0,"totalLength":380},"BeamSkeleton":{"skeletonPoints":[150.5,102.5,163.1151885986328,111.1092987060547,176.3657531738281,116.8054046630859,190.5183563232422,122.4669647216797,204.7320404052734,127.1250762939453,218.0711975097656,132.5693511962891,231.0599822998047,140.0916137695312,242.3009490966797,148.9778442382812,250.4125366210938,159.4954833984375,255.9176330566406,172.6946411132812,257.9907836914062,186.035888671875,256.874267578125,201.1515960693359,256.1965942382812,215.1773986816406,257.968505859375,230.9795532226562,265.615478515625,246.2190551757812,277.323486328125,257.6236572265625,292.5862426757812,263.9163818359375,309.0348815917969,265.4833068847656,324.1202392578125,264.6026611328125,339.0746154785156,261.8004150390625,353.8119506835938,260.548828125,368.6787719726562,260.8512573242188,382.6326293945312,266.0606079101562,394.4807739257812,275.2908325195312,400.040283203125,287.9716186523438,411.603759765625,298.683837890625]},"ExperimentMetadata":{"comments":"Testing","name":"exp1_base"},"PointSelectorSkeleton Vertex":{"x":0,"y":0},"PointSelectorTail Point":{"x":306,"y":218},"images":{"focused_image":"experiment-data/exp1_base/focused_image.png","result":"experiment-data/exp1_base/result.png"}}

