{"BeamParameters":{"beamLength":29.75500106811523,"beamType":1,"beamWidth":34.54700088500977,"fineMeshScale":1,"initialAngle":0,"mixedBeamChoiceBias":0,"shallowAngleBias":0,"totalLength":380},"BeamSkeleton":{"skeletonPoints":[150.5,102.5,163.2963714599609,110.6432800292969,176.7251281738281,117.5415878295898,190.1485900878906,122.3066024780273,204.6712951660156,127.6410827636719,217.9308929443359,133.0546417236328,231.3450012207031,139.6719818115234,241.8189392089844,149.8415985107422,250.0800628662109,159.8155364990234,255.5428771972656,172.9406433105469,257.5707397460938,186.1032104492188,256.9532165527344,201.1875152587891,256.2755126953125,215.2133178710938,259.0361633300781,230.8656005859375,266.1127624511719,245.9811096191406,277.7475891113281,257.2978210449219,292.9190979003906,263.5215759277344,309.0621337890625,266.0165405273438,324.1620483398438,265.13720703125,339.230712890625,262.330322265625,353.890869140625,260.584716796875,368.7510986328125,260.3871765136719,382.7115783691406,266.0964965820312,395.0638122558594,274.4630432128906,398.1857604980469,290.5460815429688,411.8354797363281,300.9359130859375]},"ExperimentMetadata":{"comments":"Testing","name":"exp1_8"},"PointSelectorSkeleton Vertex":{"x":0,"y":0},"PointSelectorTail Point":{"x":306,"y":218},"images":{"focused_image":"experiment-data/exp1_8/focused_image.png","result":"experiment-data/exp1_8/result.png"}}

