{"BeamParameters":{"beamLength":29.75500106811523,"beamType":1,"beamWidth":34.54700088500977,"fineMeshScale":1,"initialAngle":0,"mixedBeamChoiceBias":0,"shallowAngleBias":0,"totalLength":380},"BeamSkeleton":{"skeletonPoints":[150.5,102.5,163.2963714599609,110.6432800292969,176.1080017089844,117.2338562011719,190.5183563232422,122.4669647216797,204.7320404052734,127.1250762939453,218.0711975097656,132.5693511962891,231.0599822998047,140.0916137695312,241.7399749755859,149.8056640625,250.0011138916016,159.7796173095703,256.3713684082031,172.4845581054688,257.9907836914062,186.035888671875,256.874267578125,201.1515960693359,256.1965942382812,215.1773986816406,258.9572143554688,230.8296813964844,265.615478515625,246.2190551757812,277.6686401367188,257.2619018554688,292.5862426757812,263.9163818359375,309.0348815917969,265.4833068847656,324.1202392578125,264.6026611328125,339.0746154785156,261.8004150390625,353.8119506835938,260.548828125,368.6787719726562,260.8512573242188,382.6326293945312,266.0606079101562,393.9766845703125,276.1544799804688,398.4981689453125,290.1990356445312,404.7908325195312,300.2073669433594]},"ExperimentMetadata":{"comments":"Testing","name":"exp1_7"},"PointSelectorSkeleton Vertex":{"x":0,"y":0},"PointSelectorTail Point":{"x":306,"y":218},"images":{"focused_image":"experiment-data/exp1_7/focused_image.png","result":"experiment-data/exp1_7/result.png"}}

