{"BeamParameters":{"beamLength":29.75500106811523,"beamType":1,"beamWidth":34.54700088500977,"fineMeshScale":1,"initialAngle":0,"mixedBeamChoiceBias":0,"shallowAngleBias":0,"totalLength":380},"BeamSkeleton":{"skeletonPoints":[150.5,102.5,163.1151885986328,111.1092987060547,176.1080017089844,117.2338562011719,190.5183563232422,122.4669647216797,204.8717498779297,126.6449890136719,218.0711975097656,132.5693511962891,231.0599822998047,140.0916137695312,242.0204620361328,149.3917541503906,250.0011138916016,159.7796173095703,255.9176330566406,172.6946411132812,257.9907836914062,186.035888671875,256.874267578125,201.1515960693359,256.6950378417969,215.2167510986328,258.4628601074219,230.9046020507812,265.615478515625,246.2190551757812,277.6686401367188,257.2619018554688,292.332275390625,264.3470764160156,309.0348815917969,265.4833068847656,324.1573791503906,264.1040649414062,339.0746154785156,261.8004150390625,353.8119506835938,260.548828125,368.6787719726562,260.8512573242188,382.8076171875,265.5922241210938,394.98486328125,274.4271545410156,401.2379150390625,288.0209350585938,404.7908325195312,300.2073669433594]},"ExperimentMetadata":{"comments":"Testing","name":"exp1_2"},"PointSelectorSkeleton Vertex":{"x":0,"y":0},"PointSelectorTail Point":{"x":306,"y":218},"images":{"focused_image":"experiment-data/exp1_2/focused_image.png","result":"experiment-data/exp1_2/result.png"}}

