{"BeamParameters":{"beamLength":26.16000175476074,"beamType":1,"beamWidth":65.69800567626953,"fineMeshScale":1,"initialAngle":0,"mixedBeamChoiceBias":0,"shallowAngleBias":0,"totalLength":375},"BeamSkeleton":{"skeletonPoints":[149.5,102.5,160.9833831787109,109.0599060058594,172.6911468505859,115.3458862304688,184.2129211425781,120.1718673706055,197.1494445800781,124.5240325927734,209.0924377441406,128.7306671142578,221.0484313964844,134.1392517089844,232.3865661621094,141.0419311523438,241.7859497070312,148.3338928222656,249.8312530517578,159.0160827636719,254.6800537109375,169.4112548828125,257.6870422363281,181.3752288818359,257.9589233398438,192.7170104980469,256.8051452636719,205.8568420410156,256.0350341796875,219.039306640625,258.8428039550781,232.8489685058594,265.8065185546875,246.2759246826172,275.193603515625,255.7720031738281,288.4579467773438,263.0873413085938,302.4498901367188,265.6902465820312,316.4405212402344,265.0163879394531,329.585693359375,263.3429565429688,342.6751098632812,262.2867736816406,355.7134704589844,260.849609375,368.8004150390625,260.6502075195312,381.4491271972656,264.652587890625,392.0871276855469,272.97802734375,398.418212890625,282.8826293945312,404.8782653808594,294.3652954101562]},"ExperimentMetadata":{"comments":"","name":"experiment-model-two"},"PointSelectorSkeleton Vertex":{"x":0,"y":0},"PointSelectorTail Point":{"x":305,"y":218},"images":{"focused_image":"experiment-data/experiment-model-two/focused_image.png","result":"experiment-data/experiment-model-two/result.png"}}

