{"BeamParameters":{"beamLength":32.1510009765625,"beamType":2,"beamWidth":30,"fineMeshScale":2,"initialAngle":0,"mixedBeamChoiceBias":0,"shallowAngleBias":11.32100009918213,"totalLength":400},"BeamSkeleton":{"skeletonPoints":[223,245.5,237.6174163818359,238.8102264404297,250.3326110839844,228.9743041992188,260.4805297851562,216.5066986083984,261.347900390625,200.4546203613281,255.4565582275391,185.49755859375,241.8911895751953,176.8718872070312,225.9666748046875,174.6737670898438,210.5718231201172,179.3019561767578,200.8488311767578,192.1037139892578,194.2887115478516,206.7797698974609,182.8564300537109,218.0813140869141,180.2644348144531,233.9464721679688,187.5054931640625,248.2987823486328,200.0624389648438,258.3359680175781,216.1215667724609,259.0612182617188,232.1950225830078,259.3172607421875,247.9062957763672,255.9146728515625,260.7765502929688,246.2825164794922,271.1217651367188,233.9781188964844,281.103271484375,221.3768920898438,293.0813598632812,210.6555480957031,306.7074279785156,202.1260833740234,318.0392456054688,190.7238159179688,333.7353210449219,187.2517395019531]},"ExperimentMetadata":{"comments":"","name":"with-shallow-angle-bias"},"PointSelectorSkeleton Vertex":{"x":380,"y":266},"PointSelectorTail Point":{"x":376,"y":338},"images":{"focused_image":"experiment-data/with-shallow-angle-bias/focused_image.png","result":"experiment-data/with-shallow-angle-bias/result.png"}}

