{"BeamParameters":{"beamLength":33.34900283813477,"beamType":2,"beamWidth":41.73600387573242,"fineMeshScale":2,"initialAngle":2.904000043869019,"mixedBeamChoiceBias":0,"shallowAngleBias":0,"totalLength":400},"BeamSkeleton":{"skeletonPoints":[386.5,189.5,374.9835205078125,177.44140625,358.5759887695312,174.4695434570312,341.9223327636719,175.3032379150391,325.8936462402344,179.8988647460938,313.2312316894531,190.7479553222656,303.3649291992188,204.1902313232422,291.357421875,215.7599792480469,279.69287109375,227.6753997802734,264.50341796875,234.5542907714844,248.3657836914062,238.7513732910156,231.8040313720703,236.8156280517578,217.0692596435547,229.0101623535156,202.1128540039062,221.6382598876953,185.8726806640625,217.8572845458984,176.8698883056641,231.8925476074219,181.1383514404297,248.0114593505859,194.0753936767578,258.5315551757812,209.0642852783203,265.8371887207031,225.3210296630859,269.5462646484375,241.9953308105469,269.4647521972656,258.2150573730469,265.5969543457031,274.3149108886719,261.2572021484375,289.0077209472656,253.3730163574219]},"ExperimentMetadata":{"comments":"","name":"mixed-beam-example-threeo"},"PointSelectorSkeleton Vertex":{"x":343,"y":321},"PointSelectorTail Point":{"x":545,"y":281},"images":{"focused_image":"experiment-data/mixed-beam-example-threeo/focused_image.png","result":"experiment-data/mixed-beam-example-threeo/result.png"}}

