{"BeamParameters":{"beamLength":34.54700088500977,"beamWidth":30,"fineMeshScale":2,"initialAngle":0,"totalLength":405},"BeamSkeleton":{"skeletonPoints":[220,244.5,237.2661285400391,243.9956207275391,254.5101776123047,242.9872894287109,271.7174377441406,241.4758758544922,288.8732299804688,239.4626617431641,305.9629211425781,236.9493713378906,322.971923828125,233.9381408691406,339.8857421875,230.4315338134766,356.6899719238281,226.4325561523438,373.3702697753906,221.9446105957031,389.9124145507812,216.9715118408203,407.0591125488281,214.8824005126953,424.1375122070312,212.2935028076172,441.4074401855469,212.6450347900391,458.6802673339844,212.4921417236328,475.7277526855469,215.2772979736328,492.0538024902344,220.91943359375,507.1833190917969,229.2543792724609,522.5497436523438,237.1439971923828,538.1400146484375,244.5815582275391,553.9407958984375,251.5607147216797,569.9386596679688,258.0755310058594,586.1199340820312,264.1204223632812,602.4708251953125,269.6902465820312]},"ExperimentMetadata":{"comments":"It seems that weighting the middle\nangles more to prevent the beam\ngoing off track has the opposite\neffect. The beam cannot bend\nenough to fit the worm.","name":"weighting-middle-angles"},"PointSelectorSkeleton Vertex":{"x":0,"y":0},"PointSelectorTail Point":{"x":373,"y":338},"images":{"focused_image":"experiment-data/weighting-middle-angles/focused_image.png","result":"experiment-data/weighting-middle-angles/result.png"}}

