{"BeamParameters":{"beamLength":29.75500106811523,"beamType":1,"beamWidth":34.54700088500977,"fineMeshScale":1,"initialAngle":0,"mixedBeamChoiceBias":0,"shallowAngleBias":0,"totalLength":380},"BeamSkeleton":{"skeletonPoints":[150.5,102.5,163.2963714599609,110.6432800292969,176.2226257324219,118.9549255371094,190.3937072753906,121.8708114624023,204.9507141113281,126.680908203125,218.1501617431641,132.6052856445312,231.1389465332031,140.1275482177734,242.6604309082031,148.599853515625,249.6686553955078,160.0996856689453,255.9966125488281,172.7305603027344,258.1834106445312,186.8529815673828,256.921875,199.6933746337891,256.236328125,214.7080993652344,258.0082397460938,230.51025390625,265.2368774414062,246.0236206054688,277.3632202148438,257.1543579101562,292.3720092773438,263.8777770996094,308.247314453125,266.3524169921875,323.8359985351562,264.5616149902344,338.5919189453125,262.2587890625,353.1829833984375,259.5192260742188,368.0418395996094,260.3215942382812,381.9956970214844,265.5309448242188,393.8438415527344,274.7611694335938,399.4033203125,287.4419555664062,418.0972900390625,291.8634033203125]},"ExperimentMetadata":{"comments":"Testing","name":"exp1_6"},"PointSelectorSkeleton Vertex":{"x":0,"y":0},"PointSelectorTail Point":{"x":306,"y":218},"images":{"focused_image":"experiment-data/exp1_6/focused_image.png","result":"experiment-data/exp1_6/result.png"}}

