{"BeamParameters":{"beamLength":29.75500106811523,"beamType":1,"beamWidth":34.54700088500977,"fineMeshScale":1,"initialAngle":0,"mixedBeamChoiceBias":0,"shallowAngleBias":0,"totalLength":380},"BeamSkeleton":{"skeletonPoints":[150.5,102.5,163.1151885986328,111.1092987060547,176.3657531738281,116.8054046630859,190.6720275878906,121.9911651611328,204.7320404052734,127.1250762939453,218.0711975097656,132.5693511962891,231.2660522460938,139.6360473632812,242.0204620361328,149.3917541503906,250.0011138916016,159.7796173095703,256.3713684082031,172.4845581054688,257.9907836914062,186.035888671875,256.874267578125,201.1515960693359,256.1965942382812,215.1773986816406,257.968505859375,230.9795532226562,265.615478515625,246.2190551757812,278.0138244628906,256.900146484375,292.5862426757812,263.9163818359375,308.9832153320312,265.9806213378906,324.1202392578125,264.6026611328125,339.0746154785156,261.8004150390625,353.8119506835938,260.548828125,368.6787719726562,260.8512573242188,382.6326293945312,266.0606079101562,393.9766845703125,276.1544799804688,400.040283203125,287.9716186523438,410.7093811035156,299.1644592285156]},"ExperimentMetadata":{"comments":"Testing","name":"exp1_3"},"PointSelectorSkeleton Vertex":{"x":0,"y":0},"PointSelectorTail Point":{"x":306,"y":218},"images":{"focused_image":"experiment-data/exp1_3/focused_image.png","result":"experiment-data/exp1_3/result.png"}}

