{"BeamParameters":{"beamLength":29.75500106811523,"beamType":1,"beamWidth":34.54700088500977,"fineMeshScale":1,"initialAngle":0,"mixedBeamChoiceBias":0,"shallowAngleBias":0,"totalLength":380},"BeamSkeleton":{"skeletonPoints":[150.5,102.5,163.1151885986328,111.1092987060547,176.1080017089844,117.2338562011719,190.5183563232422,122.4669647216797,204.7320404052734,127.1250762939453,218.0711975097656,132.5693511962891,231.2660522460938,139.6360473632812,242.3009490966797,148.9778442382812,250.0011138916016,159.7796173095703,255.4639129638672,172.9047241210938,257.9907836914062,186.035888671875,256.874267578125,201.1515960693359,256.6950378417969,215.2167510986328,258.4628601074219,230.9046020507812,265.615478515625,246.2190551757812,277.323486328125,257.6236572265625,292.5862426757812,263.9163818359375,309.0348815917969,265.4833068847656,324.1573791503906,264.1040649414062,339.0746154785156,261.8004150390625,353.8119506835938,260.548828125,368.6787719726562,260.8512573242188,382.6326293945312,266.0606079101562,394.98486328125,274.4271545410156,400.9310913085938,287.5172729492188,416.5459594726562,295.3310546875]},"ExperimentMetadata":{"comments":"Testing","name":"exp1_3"},"PointSelectorSkeleton Vertex":{"x":0,"y":0},"PointSelectorTail Point":{"x":306,"y":218},"images":{"focused_image":"experiment-data/exp1_3/focused_image.png","result":"experiment-data/exp1_3/result.png"}}

