{"BeamParameters":{"beamLength":14.17900085449219,"beamWidth":29.75500106811523,"fineMeshScale":1,"initialAngle":0.9480000734329224,"totalLength":1000},"BeamSkeleton":{"skeletonPoints":[89.5,345.5,89.45457458496094,338.41064453125,89.20216369628906,331.3256530761719,88.74298095703125,324.2510375976562,88.07741546630859,317.1928405761719,88.62120056152344,310.1242370605469,88.95835113525391,303.0427551269531,90.49421691894531,296.1216125488281,89.01056671142578,289.1890869140625,90.13980102539062,282.1900939941406,88.25399780273438,275.3560180664062,90.35962677001953,268.58642578125,89.45712280273438,261.5545959472656,89.76293182373047,254.4716949462891,89.86179351806641,247.3828887939453,89.75362396240234,240.2942199707031,89.43851470947266,233.2117309570312,88.91673278808594,226.1414642333984,89.60425567626953,219.0853729248047,88.67064666748047,212.0576171875,87.5322265625,205.0601196289062,89.00677490234375,198.1256561279297,87.46182250976562,191.20654296875,85.71549224853516,184.3354949951172,85.16242980957031,177.2675933837891,81.71824645996094,171.0709381103516,78.09459686279297,164.9774932861328,72.26384735107422,160.9447021484375,66.31782531738281,157.0838928222656,59.65012359619141,154.6750030517578,54.30844879150391,150.0137176513672,48.83294296264648,145.5104064941406,45.36137008666992,139.3290405273438,41.71078491210938,133.2516784667969,40.51047515869141,126.2645263671875,37.75405883789062,119.7328186035156,38.96371078491211,112.7472763061523,38.55459976196289,105.6695861816406,39.35441589355469,98.62534332275391,39.94820404052734,91.56075286865234,40.33545684814453,84.48183441162109,44.4860725402832,78.73436737060547,44.45943832397461,71.64492034912109,47.00353240966797,65.02762603759766,50.63533020019531,58.93902587890625,54.08779525756836,52.74697494506836,59.54936599731445,48.22676849365234,64.87661743164062,43.54901504516602,70.06501007080078,38.71770477294922,74.02003479003906,32.83392715454102,79.83830261230469,28.78314971923828,85.53580474853516,24.564208984375,92.37487030029297,22.6965274810791,97.81638336181641,18.15219497680664,104.8505706787109,17.26833343505859,111.4999847412109,14.80940437316895,118.588508605957,14.92705249786377,125.6774444580078,14.83766937255859,132.7607421875,14.54133033752441,139.8323669433594,14.03828907012939,146.8865966796875,14.7445125579834,153.9168090820312,13.82952880859375,160.80078125,15.52417850494385,167.8897552490234,15.61045455932617,174.9782257080078,15.4896993637085,179.0803375244141,21.27188491821289,186.1496734619141,20.73755264282227,191.5931701660156,25.27949905395508,197.1669769287109,29.66056251525879,203.5903930664062,32.66067123413086,209.4104309082031,36.70889663696289,214.4577178955078,41.68743515014648,218.5853881835938,47.45140838623047,221.6733093261719,53.83308410644531,227.1368560791016,58.35089874267578,230.5920257568359,64.54143524169922,234.2264862060547,70.62844085693359,236.7734832763672,77.24462127685547,239.5125732421875,83.78360748291016,241.1004028320312,90.69300842285156,241.4907531738281,97.77175140380859,243.4792022705078,104.5766830444336,241.4757080078125,111.377197265625,241.0697021484375,118.4550628662109,240.8705291748047,125.5417633056641,238.1169738769531,132.0746765136719,235.5553436279297,138.6852111816406,233.1878356933594,145.3677215576172,228.5597686767578,150.7381896972656,222.3002014160156,154.0666656494141,216.1404876708984,157.5765075683594,209.4738464355469,159.9883270263672,203.5295257568359,163.8517456054688,199.7321166992188,169.8384552001953,196.1111297607422,175.9334869384766,192.6696624755859,182.1316528320312,192.1196899414062,189.1997833251953,190.3763580322266,196.0715942382812,191.6508331298828,203.0455932617188,188.9552001953125,209.6026153564453,187.8198394775391,216.6006164550781,188.3041229248047,223.6735534667969,187.5791931152344,230.7258911132812,188.4755249023438,237.7584991455078,188.1635131835938,244.8411254882812,188.0584411621094,251.9298400878906,188.160400390625,259.0186157226562,187.0560150146484,266.0215759277344,187.5715942382812,273.0923156738281,188.2934265136719,280.1449584960938,189.2208862304688,287.1735229492188,187.5384521484375,294.0604858398438,187.4647521972656,301.1495971679688,187.5980834960938,308.2378540039062,186.5247039794922,315.2456359863281,184.2758483886719,321.968994140625,186.4143676757812,328.728271484375,187.3729095458984,335.752685546875,187.1235961914062,342.8377990722656,187.0812683105469,349.9271850585938,185.8345947265625,356.9062194824219,187.6053009033203,363.7710266113281,186.7681427001953,370.8109130859375,187.5523681640625,377.8569030761719,185.7301177978516,384.7082214355469,185.5121612548828,391.7943725585938,186.9098968505859,398.7447204589844,185.6941223144531,405.7291870117188,187.4951934814453,412.5860900878906,185.3059387207031,419.3291015625,186.121337890625,426.3715515136719,184.3294372558594,433.2308654785156,184.1428375244141,440.3179016113281,184.1632690429688,447.4073791503906,184.3907012939453,454.4932250976562,186.2221069335938,461.3421020507812,184.0627136230469,468.0947265625,183.4940032958984,475.161376953125,184.5457305908203,482.1724243164062,182.9854736328125,489.0881042480469,184.4446716308594,496.0258178710938,183.290771484375,503.0207824707031]},"ExperimentMetadata":{"comments":"The fit is close to perfect with \nno fine mesh.","name":"thermal-plume-no-fine-mesh"},"PointSelectorSkeleton Vertex":{"x":465,"y":448},"PointSelectorTail Point":{"x":464,"y":445},"images":{"focused_image":"experiment-data/thermal-plume-no-fine-mesh/focused_image.png","result":"experiment-data/thermal-plume-no-fine-mesh/result.png"}}

