{"BeamParameters":{"beamLength":14.17900085449219,"beamWidth":29.75500106811523,"fineMeshScale":2,"initialAngle":0.9480000734329224,"totalLength":1000},"BeamSkeleton":{"skeletonPoints":[89.5,345.5,89.45457458496094,338.41064453125,87.79962158203125,331.5170288085938,90.13166809082031,324.8220520019531,85.59700012207031,319.3724670410156,91.04656982421875,314.8377990722656,88.59944915771484,308.1840209960938,90.13531494140625,301.2628784179688,86.06912994384766,295.4553833007812,90.95304870605469,290.3164672851562,87.74711608886719,283.9932556152344,88.46585845947266,276.9402770996094,88.97835540771484,269.8693237304688,89.28416442871094,262.7864074707031,89.38302612304688,255.6976013183594,87.86870574951172,248.7717132568359,88.96694946289062,241.7677917480469,89.86021423339844,234.7347869873047,89.1322021484375,227.6827697753906,88.19858551025391,220.6550140380859,88.47304534912109,213.5708312988281,87.13078308105469,206.6095581054688,88.40221405029297,199.6349945068359,86.6558837890625,192.7639465332031,86.10281372070312,185.696044921875,82.65863037109375,179.4993896484375,83.1085205078125,172.4241790771484,78.1951904296875,167.3133850097656,74.22201538085938,161.4418487548828,67.55431365966797,159.032958984375,60.81911468505859,156.8197784423828,55.34360885620117,152.3164672851562,48.98813629150391,149.1749725341797,49.40671157836914,142.0978393554688,42.87869644165039,139.3326873779297,42.8834342956543,132.2431945800781,37.65888214111328,127.4510040283203,41.31758880615234,121.378532409668,36.82159805297852,115.8970108032227,38.80706405639648,109.0912094116211,36.40708541870117,102.420295715332,43.0780029296875,100.0203170776367,44.46035385131836,93.06689453125,38.37175369262695,89.43509674072266,42.0035514831543,83.34649658203125,39.96699905395508,76.55580902099609,46.21772766113281,73.21075439453125,45.15985870361328,66.20062255859375,50.34825134277344,61.36930847167969,51.69981384277344,54.40983200073242,56.59733581542969,49.28388977050781,62.29484176635742,45.06494903564453,65.71987152099609,38.85768127441406,71.16138458251953,34.31334686279297,77.8797607421875,32.04962539672852,79.40333557128906,25.12577247619629,86.37393188476562,23.83280181884766,92.86846923828125,20.98991012573242,98.54724884033203,16.74579620361328,105.5778579711914,17.6576976776123,109.9835433959961,12.10333442687988,116.3024673461914,15.31771850585938,121.4478912353516,10.44067096710205,127.2499618530273,14.51461410522461,133.0321502685547,10.41249752044678,140.1140747070312,10.08481311798096,146.8334503173828,12.34558868408203,151.2145080566406,6.771782875061035,156.7883148193359,11.15284538269043,162.4876708984375,15.36928749084473,169.0387115478516,12.65915679931641,171.7488403320312,19.21020317077637,178.8292388916016,18.85118103027344,185.8676452636719,19.70081901550293,189.1405944824219,25.9896068572998,196.1624298095703,25.0124340057373,200.9337463378906,30.25605010986328,207.4544067382812,33.03848648071289,211.4380035400391,38.90295791625977,218.1099700927734,41.30001449584961,218.5003204345703,48.37876129150391,225.3008422851562,50.38225936889648,226.1037445068359,57.4261474609375,232.553466796875,60.36928558349609,232.3542938232422,67.45598602294922,238.3241424560547,71.27985382080078,237.1268920898438,78.26753234863281,240.2711791992188,84.62162780761719,240.8993225097656,91.68324279785156,243.1154479980469,98.41746520996094,242.7407684326172,105.4970550537109,243.9843902587891,112.4766235351562,241.2597808837891,119.0216598510742,242.9087066650391,125.9167327880859,238.1490020751953,131.1708984375,238.8083953857422,138.2296752929688,234.363525390625,143.7527313232422,231.2897491455078,150.1412200927734,226.1099395751953,154.9817352294922,219.1359405517578,156.2562255859375,213.3248748779297,160.3173217773438,206.2408142089844,160.5948944091797,202.8268127441406,166.8082427978516,197.3933715820312,171.3622283935547,195.6804809570312,178.24169921875,191.5911865234375,184.032958984375,191.6931610107422,191.1217193603516,192.0020751953125,198.2044830322266,188.4351806640625,204.3313293457031,190.5437774658203,211.0999908447266,187.3406219482422,217.4246063232422,191.10888671875,223.4297027587891,187.0452575683594,229.2389984130859,191.1576385498047,235.0138854980469,187.4400482177734,241.0504913330078,190.6963195800781,247.3479309082031,186.1640472412109,252.7994995117188,189.7823791503906,258.8961181640625,186.7936859130859,265.3248596191406,190.7617340087891,271.1998596191406,186.8957366943359,277.1425170898438,189.9949951171875,283.5187072753906,187.7759399414062,290.251953125,191.2421112060547,296.4363403320312,185.86962890625,301.0620727539062,188.4283752441406,307.6737060546875,187.0092010498047,314.6197204589844,188.6092987060547,321.5262756347656,189.0122222900391,328.6043090820312,186.8229827880859,335.3473205566406,189.0212707519531,342.08740234375,185.9023742675781,348.4539794921875,189.7500305175781,354.4085083007812,185.7638854980469,360.271240234375,189.9525756835938,365.9910278320312,185.1789703369141,371.2325744628906,188.5185699462891,377.4862060546875,185.2428894042969,383.7735595703125,188.9418487548828,389.8215942382812,184.8116760253906,395.5837707519531,188.8573760986328,401.4055786132812,183.9553833007812,406.5272521972656]},"ExperimentMetadata":{"comments":"The fit gets slightly worse with\nfine mesh scale 2.","name":"thermal-plume-fine-mesh-two"},"PointSelectorSkeleton Vertex":{"x":460,"y":256},"PointSelectorTail Point":{"x":464,"y":445},"images":{"focused_image":"experiment-data/thermal-plume-fine-mesh-two/focused_image.png","result":"experiment-data/thermal-plume-fine-mesh-two/result.png"}}

