{"BeamParameters":{"beamLength":60,"beamWidth":30,"fineMeshScale":2,"initialAngle":0,"totalLength":400},"BeamSkeleton":{"skeletonPoints":[217,248.5,237.2639007568359,226.3781890869141,260.992919921875,208.0224609375,274.9309997558594,181.4568786621094,301.49658203125,195.3949432373047,331.452880859375,197.0136108398438,343.0130310058594,169.3303527832031,363.8187866210938,147.7173767089844,361.9350280761719,117.7765808105469,338.58447265625,98.94174194335938,334.9561767578125,69.16195678710938,347.9931640625,42.14275360107422,342.6326904296875,12.62555122375488,372.14990234375,7.265066623687744]},"ExperimentMetadata":{"comments":"This is the control experiment\nfor minimum beam invert.\n\nSame parameters but only the\ninverted beam not the min of \ninverted and non inverted.","name":"non-minimum-beam-invert"},"PointSelectorSkeleton Vertex":{"x":554,"y":312},"PointSelectorTail Point":{"x":370,"y":342},"images":{"focused_image":"experiment-data/non-minimum-beam-invert/focused_image.png","result":"experiment-data/non-minimum-beam-invert/result.png"}}

